routeCode,,routeName,direction,From,To,duration,stops
0,0,2,0,Katraj,Shivajinagar,40,29
1,0,2,1,Shivajinagar,Katraj,40,29
2,1,3,0,Swargate,PuneStation,40,30
3,1,3,1,PuneStation,Swargate,40,30
4,2,5,0,Swargate,PuneStation,25,28
5,2,5,1,PuneStation,Swargate,25,28
6,3,7,0,Sarasbaug,UruliKanchan,75,30
7,3,7,1,UruliKanchan,Sarasbaug,75,30
8,4,8,0,HadapsarGadital,MhatobachiAlandi,45,24
9,4,8,1,MhatobachiAlandi,HadapsarGadital,45,24
10,5,9,0,HadapsarGadital,UruliRailwayStation,75,25
11,5,9,1,UruliRailwayStation,HadapsarGadital,75,25
12,6,10,0,Swargate,Keshavnagar,60,30
13,6,10,1,Keshavnagar,Swargate,60,30
14,7,11,0,Marketyard,Pimplegurav,65,27
15,7,11,1,Pimplegurav,Marketyard,65,27
16,8,12,0,UpperDepot,BhaktiShakti,85,29
17,8,12,1,BhaktiShakti,UpperDepot,85,29
18,9,13,0,UpperDepot,Shivajinagar,45,25
19,9,13,1,Shivajinagar,UpperDepot,45,25
20,10,17,0,Shaniwarwada,Narhegaon,65,26
21,10,17,1,Narhegaon,Shaniwarwada,65,26
22,11,18,0,Swargate,BhansaliComplex,30,25
23,11,18,1,BhansaliComplex,Swargate,30,25
24,12,19,0,KondhwaHospital,Shivajinagar,60,29
25,12,19,1,Shivajinagar,KondhwaHospital,60,29
26,13,20,0,Sahkarnagar,PuneStation,60,22
27,13,20,1,PuneStation,Sahkarnagar,60,22
28,14,21,0,Swargate,VasantdadaPutalaSangvi,60,26
29,14,21,1,VasantdadaPutalaSangvi,Swargate,60,26
30,15,22,0,KhandobaMandir,Shivajinagar,60,20
31,15,22,1,Shivajinagar,KhandobaMandir,60,20
32,16,23,0,UpperDepot,PuneStation,50,28
33,16,23,1,PuneStation,UpperDepot,50,28
34,17,24,0,Katraj,MaharashtraHousingBoardSamtanagar,65,20
35,17,24,1,MaharashtraHousingBoardSamtanagar,Katraj,65,20
36,18,26,0,Dhankawadi,Shivajinagar,55,20
37,18,26,1,Shivajinagar,Dhankawadi,55,20
38,19,27,0,BharatiVidyapeeth,Shivajinagar,50,27
39,19,27,1,Shivajinagar,BharatiVidyapeeth,50,27
40,20,28,0,Katraj,Shivajinagar,55,25
41,20,28,1,Shivajinagar,Katraj,55,25
42,21,30,0,Marketyard,GhotawadePhata,85,25
43,21,30,1,GhotawadePhata,Marketyard,85,25
44,22,31,0,TaljaiPathar,PuneStation,55,30
45,22,31,1,PuneStation,TaljaiPathar,55,30
46,23,32,0,BharatiVidyapeeth,Alandi,120,26
47,23,32,1,Alandi,BharatiVidyapeeth,120,26
48,24,33,0,TaljaiPathar,NaTaWadi,50,28
49,24,33,1,NaTaWadi,TaljaiPathar,50,28
50,25,37,0,NaTaWadi,Sahkarnagar,40,28
51,25,37,1,Sahkarnagar,NaTaWadi,40,28
52,26,38,0,Dhankawadi,NaTaWadi,55,20
53,26,38,1,NaTaWadi,Dhankawadi,55,20
54,27,39,0,Dhankawadi,PuneStation,50,26
55,27,39,1,PuneStation,Dhankawadi,50,26
56,28,40,0,SaketSociety,Mandai,30,27
57,28,40,1,Mandai,SaketSociety,30,27
58,29,41,0,UpperDepot,Sangvi,90,25
59,29,41,1,Sangvi,UpperDepot,90,25
60,30,42,0,Katraj,BhaktiShakti,105,22
61,30,42,1,BhaktiShakti,Katraj,105,22
62,31,43,0,Katraj,BhaktiShakti,75,25
63,31,43,1,BhaktiShakti,Katraj,75,25
64,32,46,0,UpperDepot,Lohgaon,75,30
65,32,46,1,Lohgaon,UpperDepot,75,30
66,33,47,0,Shaniwarwada,Sanaswadi,65,27
67,33,47,1,Sanaswadi,Shaniwarwada,65,27
68,34,48,0,PuneStation,VenutaiChavanCollege,60,21
69,34,48,1,VenutaiChavanCollege,PuneStation,60,21
70,35,49,0,PuneStation,Khanapur,80,22
71,36,50,0,Shaniwarwada,SinhgadPaytha,80,22
72,36,50,1,SinhgadPaytha,ShaniwarwadaStand,80,22
73,37,51,0,Shivajinagar,Dhayarigaon,50,21
74,37,51,1,Dhayarigaon,Shivajinagar,50,21
75,38,52,0,Swargate,Khanapur,80,22
76,38,52,1,Khanapur,Swargate,80,22
77,39,53,0,Shivajinagar,DSKVishwa,65,20
78,39,53,1,DSKVishwa,Shivajinagar,65,20
79,40,54,0,NaTaWadi,VenutaiChavanCollege,60,26
80,40,54,1,VenutaiChavanCollege,NaTaWadi,60,26
81,41,55,0,Suncity,Mandai,40,20
82,41,55,1,Mandai,Suncity,40,20
83,42,56,0,VadgaonBk,MandaiStand,45,21
84,42,56,1,MandaiStand,VadgaonBk,45,21
85,43,57,0,PuneStation,VadgaonBk,55,23
86,43,57,1,VadgaonBk,PuneStation,55,23
87,44,58,0,Shanipar,Gokhalenagar,30,25
88,44,58,1,Gokhalenagar,Shanipar,30,25
89,45,59,0,Shanipar,Niljyoti,30,23
90,45,59,1,Niljyoti,Shanipar,30,23
91,46,61,0,Swargate,Nasrapur,80,30
92,46,61,1,Nasrapur,Swargate,80,30
93,47,62,0,Sukhsagarnagar,Sangamwadi,70,28
94,47,62,1,Sangamwadi,Sukhsagarnagar,70,28
95,48,63,0,Swargate,Kalyaninagar,60,29
96,48,63,1,Kalyaninagar,Swargate,60,29
97,49,64,0,HadapsarGadital,WarjeMalwadi,75,25
98,49,64,1,WarjeMalwadi,HadapsarGadital,75,25
99,50,65,0,UpperDepot,MaharashtraHousingBoardSamtanagar,60,23
100,50,65,1,MaharashtraHousingBoardSamtanagar,UpperDepot,60,23
101,51,66,0,Marketyard,Agalambegaon,80,23
102,51,66,1,Agalambegaon,Marketyard,80,23
103,52,69,0,Marketyard,Ghotawadegaon,85,26
104,52,69,1,Ghotawadegaon,Marketyard,85,26
105,53,70,0,DeccanGymkhana,Sheregaon,85,21
106,53,70,1,Sheregaon,DeccanGymkhana,85,21
107,54,71,0,KothrudDepot,Sukhsagarnagar,55,24
108,54,71,1,Sukhsagarnagar,KothrudDepot,55,24
109,55,72,0,UpperDepot,Kondhwagate,65,27
110,55,72,1,Kondhwagate,UpperDepot,65,27
111,56,73,0,HadapsarGadital,KothrudDepot,80,29
112,56,73,1,KothrudDepot,HadapsarGadital,80,29
113,57,75,0,DeccanGymkhana,Vidyanagar,65,27
114,57,75,1,Vidyanagar,DeccanGymkhana,65,27
115,58,76,0,KumbarePark,UpperDepot,60,23
116,58,76,1,UpperDepot,KumbarePark,60,23
117,59,78,0,Marketyard,Kondhwagate,70,28
118,59,78,1,Kondhwagate,Marketyard,70,28
119,60,79,0,DeccanGymkhana,Mugawade,90,26
120,60,79,1,Mugawade,DeccanGymkhana,90,26
121,61,80,0,MaNaPa,CiplaCenter,45,26
122,61,80,1,CiplaCenter,MaNaPa,45,26
123,62,81,0,KumbarePark,PuneStation,55,26
124,62,81,1,PuneStation,KumbarePark,55,26
125,63,84,0,DeccanGymkhana,Sangrun,90,28
126,63,84,1,Sangrun,DeccanGymkhana,90,28
127,64,87A,0,DeccanGymkhana,Susgaon,55,30
128,64,87A,1,Susgaon,DeccanGymkhana,55,30
129,65,88,0,UpperDepot,MediPoint,60,22
130,65,88,1,MediPoint,UpperDepot,60,22
131,66,89,0,Swargate,Niljyoti,45,30
132,66,89,1,Niljyoti,Swargate,45,30
133,67,90,0,Swargate,Gokhalenagar,45,29
134,67,90,1,Gokhalenagar,Swargate,45,29
135,68,91,0,MaNaPa,Ishanyanagari,45,24
136,68,91,1,Ishanyanagari,MaNaPa,45,24
137,69,92,0,GujratColony,PuneStation,50,27
138,69,92,1,PuneStation,GujratColony,50,27
139,70,93,0,DeccanGymkhana,Pimplenilakh,50,30
140,70,93,1,Pimplenilakh,DeccanGymkhana,50,30
141,71,94,0,KothrudDepot,PuneStation,55,29
142,71,94,1,PuneStation,KothrudDepot,55,29
143,72,95,0,KothrudDepot,Pimplegurav,65,30
144,72,95,1,Pimplegurav,KothrudDepot,65,30
145,73,96,0,Pimplegurav,GharkulVasahatWarje,70,20
146,73,96,1,GharkulVasahatWarje,Pimplegurav,70,20
147,74,97,0,WarjeMalwadi,Sahkarnagar,70,29
148,74,97,1,Sahkarnagar,WarjeMalwadi,70,29
149,75,101,0,KothrudDepot,KondhwaBk,75,29
150,75,101,1,KondhwaBk,KothrudDepot,75,29
151,76,102,0,KothrudDepot,Lohgaon,80,22
152,76,102,1,Lohgaon,KothrudDepot,80,22
153,77,103,0,Katraj,KothrudDepot,60,30
154,77,103,1,KothrudDepot,Katraj,60,30
155,78,104,0,DeccanGymkhana,DSKVishwa,55,21
156,78,104,1,DSKVishwa,DeccanGymkhana,55,21
157,79,107,0,DeccanGymkhana,Pimplegurav,50,22
158,79,107,1,Pimplegurav,DeccanGymkhana,50,22
159,80,108,0,Sutardara,PuneStation,55,29
160,80,108,1,PuneStation,Sutardara,55,29
161,81,111,0,Bhekrainagar,MaNaPa,70,30
162,81,111,1,MaNaPa,Bhekrainagar,70,30
163,82,112,0,KothrudDepot,Mandai,35,20
164,82,112,1,Mandai,KothrudDepot,35,20
165,83,113,0,AppaBalawantChowk,Sangvi,40,26
166,83,113,1,Sangvi,AppaBalawantChowk,40,26
167,84,114,0,MaNaPa,Mhalungegaon,50,26
168,84,114,1,Mhalungegaon,MaNaPa,50,26
169,85,117,0,Swargate,DhayariMarutiMandir,45,26
170,85,117,1,DhayariMarutiMandir,Swargate,45,26
171,86,118,0,Swargate,VenutaiChavanCollege,35,24
172,86,118,1,VenutaiChavanCollege,Swargate,35,24
173,87,119,0,MaNaPa,Alandi,70,22
174,87,119,1,Alandi,MaNaPa,70,22
175,88,120,0,MaNaPa,IndooranceSystem,100,29
176,88,120,1,IndooranceSystem,MaNaPa,100,29
177,89,121,0,MaNaPa,Bhosari,100,24
178,89,121,1,Bhosari,MaNaPa,50,24
179,90,122,0,MaNaPa,Chinchwadgaon,60,28
180,90,122,1,Chinchwadgaon,MaNaPa,60,28
181,91,123,0,MaNaPa,BhaktiShakti,60,20
182,91,123,1,BhaktiShakti,MaNaPa,60,20
183,92,125,0,Bopkhel,DapodiMantriNiketan,50,24
184,92,125,1,DapodiMantriNiketan,Bopkhel,50,24
185,93,126,0,Vishrantwadi,Pimplenilakh,55,30
186,93,126,1,Pimplenilakh,Vishrantwadi,55,30
187,94,128,0,MaNaPa,Bopkhel,60,26
188,94,128,1,Bopkhel,MaNaPa,60,26
189,95,130,0,Yewalewadi,Shivajinagar,60,25
190,95,130,1,Shivajinagar,Yewalewadi,60,25
191,96,134,0,PuneStation,Vidyanagar,35,27
192,96,134,1,Vidyanagar,PuneStation,35,27
193,97,135,0,PuneStation,Wadebolhai,60,26
194,98,136,0,PuneStation,Vadegaon,70,24
195,99,139,0,Shewalwadi,BhaktiShakti,105,29
196,99,139,1,BhaktiShakti,Shewalwadi,105,29
197,100,140,0,UpperDepot,PuneStation,45,21
198,100,140,1,PuneStation,UpperDepot,45,21
199,101,141,0,KhandobaMandir,PuneStation,50,24
200,101,141,1,PuneStation,KhandobaMandir,50,24
201,102,142,0,PuneStation,GhotawadePhata,80,26
202,102,142,1,GhotawadePhata,PuneStation,80,26
203,103,143,0,GalindePath,PuneStation,60,26
204,103,143,1,PuneStation,GalindePath,60,26
205,104,144,0,KothrudStand,PuneStation,50,28
206,104,144,1,PuneStation,KothrudStand,50,28
207,105,145,1,GoalMarket,PuneStation,80,21
208,106,146,0,PuneStation,Gokhalenagar,40,23
209,106,146,1,Gokhalenagar,PuneStation,40,23
210,107,147,0,PuneStation,NhaviSandas,95,21
211,107,147,1,NhaviSandas,Wagholi,80,21
212,108,148,0,Shewalwadi,Pimplegurav,85,22
213,108,148,1,Pimplegurav,Shewalwadi,85,22
214,109,151,0,PuneStation,Alandi,70,20
215,109,151,1,Alandi,PuneStation,70,20
216,110,155,0,PuneStation,Lohgaon,55,28
217,110,155,1,Lohgaon,PuneStation,55,28
218,111,158,0,MaNaPa,Lohgaon,50,25
219,111,158,1,Lohgaon,MaNaPa,50,25
220,112,160,0,MaNaPa,Mundhwagaon,45,30
221,112,160,1,Mundhwagaon,MaNaPa,45,30
222,113,162,0,PuneStation,Kendurgaon,85,28
223,113,162,1,Kendurgaon,Wagholi,70,28
224,114,167,0,HadapsarGadital,KesnandPhata,45,24
225,114,167,1,KesnandPhata,HadapsarGadital,45,24
226,115,168,0,MaNaPa,Keshavnagar,45,23
227,115,168,1,Keshavnagar,MaNaPa,45,23
228,116,169,0,MaNaPa,Keshavnagar,45,24
229,116,169,1,Keshavnagar,MaNaPa,45,24
230,117,170,0,PuneStation,KondhwaBk,40,23
231,117,170,1,KondhwaBk,PuneStation,40,23
232,118,174,0,PuneStation,D2Circle,75,20
233,118,174,1,D2Circle,PuneStation,75,20
234,119,175,0,MaNaPa,HadapsarGadital,50,28
235,119,175,1,HadapsarGadital,MaNaPa,50,28
236,120,176,0,Swargate,MahammadWadi,50,25
237,120,176,1,MahammadWadi,Swargate,50,25
238,121,177,0,PuneStation,SalunkeVihar,40,24
239,121,177,1,SalunkeVihar,PuneStation,40,24
240,122,179,0,MahatmaGandhiStand,Vadachiwadi,55,20
241,122,179,1,Vadachiwadi,Swargate,55,20
242,123,180,0,NaTaWadi,Bhekrainagar,60,20
243,123,180,1,Bhekrainagar,NaTaWadi,60,20
244,124,181,0,NaTaWadi,KondhwaKh,55,20
245,124,181,1,KondhwaKh,NaTaWadi,55,20
246,125,183,0,HadapsarGadital,TheurFactory,45,23
247,125,183,1,TheurFactory,HadapsarGadital,45,23
248,126,184,0,Padmawati,Fursungi,60,23
249,126,184,1,Fursungi,Padmawati,60,23
250,127,185,0,HadapsarGadital,Wagholi,45,22
251,127,185,1,Wagholi,HadapsarGadital,45,22
252,128,186,0,JSPMcollege,PuneStation,60,27
253,128,186,1,PuneStation,JSPMcollege,60,27
254,129,187,0,Bhekrainagar,PuneStation,55,21
255,129,187,1,PuneStation,Bhekrainagar,55,21
256,130,188,0,HadapsarGadital,Katraj,60,25
257,130,188,1,Katraj,HadapsarGadital,60,25
258,131,189,0,HadapsarGadital,DevachiUruli,25,30
259,131,189,1,DevachiUruli,HadapsarGadital,25,30
260,132,190,0,HadapsarGadital,Fursungi,25,28
261,132,190,1,Fursungi,HadapsarGadital,25,28
262,133,191,0,PuneStation,TrinityCollege,60,27
263,133,191,1,TrinityCollege,PuneStation,60,27
264,134,192,0,HadapsarGadital,Undrigaon,35,27
265,134,192,1,Undrigaon,HadapsarGadital,35,27
266,135,193,0,HadapsarGadital,UruliKanchan,55,24
267,135,193,1,UruliKanchan,HadapsarGadital,55,24
268,136,195,0,HadapsarGadital,Holkarwadi,40,27
269,136,195,1,Holkarwadi,HadapsarGadital,40,27
270,137,197,0,HadapsarGadital,KothrudDepot,75,29
271,137,197,1,KothrudDepot,HadapsarGadital,75,29
272,138,198,0,HadapsarGadital,ManjariBk,45,20
273,138,198,1,ManjariBk,HadapsarGadital,45,20
274,139,200,0,Sadesatranali,Swargate,50,20
275,139,200,1,Swargate,Sadesatranali,50,20
276,140,201,0,Bhekrainagar,Alandi,115,30
277,140,201,1,Alandi,Bhekrainagar,115,30
278,141,202,0,HadapsarGadital,WarjeMalwadi,80,26
279,141,202,1,WarjeMalwadi,HadapsarGadital,80,26
280,142,203,0,Bhekrainagar,PuneStation,50,27
281,142,203,1,PuneStation,Bhekrainagar,50,27
282,143,205,0,HadapsarGadital,VasantdadaPutala,75,30
283,143,205,1,VasantdadaPutala,HadapsarGadital,75,30
284,144,206,0,HadapsarGadital,Vishalnagar,90,30
285,144,206,1,Vishalnagar,HadapsarGadital,90,30
286,145,207,0,Swargate,Saswad,80,24
287,145,207,1,Saswad,Swargate,80,24
288,146,208,0,HadapsarGadital,InfosysPhase3,110,27
289,146,208,1,InfosysPhase3,HadapsarGadital,110,27
290,147,214,0,Katraj,ChintamaniDnyanpith,25,21
291,147,214,1,ChintamaniDnyanpith,Katraj,25,21
292,148,215,0,ChintamaniDnyanpith,Swargate,45,29
293,148,215,1,Swargate,ChintamaniDnyanpith,45,29
294,149,217,0,Jambhulwadi,Gujarwadi,45,23
295,149,217,1,Gujarwadi,Jambhulwadi,45,23
296,150,218,0,Katraj,BalewadiDepot,70,23
297,150,218,1,BalewadiDepot,Katraj,70,23
298,151,226,1,DhayariMarutiMandir,PuneStation,60,29
299,152,227,0,Marketyard,Marnewadi,80,20
300,152,227,1,Marnewadi,Marketyard,80,20
301,153,230,0,BharatiVidyapeeth,PuneStation,55,24
302,153,230,1,PuneStation,BharatiVidyapeeth,55,24
303,154,233,0,Marketyard,ShasakiyaVishramgruhaPaudgaon,85,20
304,154,233,1,Paudgaon,Marketyard,85,20
305,155,252,0,Vishrantwadi,Charholigaon,45,25
306,155,252,1,Charholigaon,Vishrantwadi,45,25
307,156,256,0,MaNaPa,BalewadiDepot,45,20
308,156,256,1,BalewadiDepot,MaNaPa,45,20
309,157,262,0,MaNaPa,Dehugaon,80,23
310,157,262,1,Dehugaon,MaNaPa,80,23
311,158,264,0,Vishrantwadi,Bahulgaon,85,27
312,158,264,1,Bahulgaon,Vishrantwadi,85,27
313,159,279,0,DeccanGymkhana,Khamboli,90,25
314,159,279,1,Khamboli,DeccanGymkhana,90,25
315,160,280,0,WarjeHanumanChowk,MaNaPa,45,27
316,160,280,1,MaNaPa,WarjeHanumanChowk,45,27
317,161,281,0,WarjeMalwadi,BhaktiShakti,80,30
318,161,281,1,BhaktiShakti,WarjeMalwadi,80,30
319,162,282,0,WarjeMalwadi,Bhosarigaon,80,28
320,162,282,1,Bhosarigaon,WarjeMalwadi,80,28
321,163,283,0,KumbarePark,PuneStation,50,27
322,163,283,1,PuneStation,KumbarePark,50,27
323,164,284,0,KothrudDepot,BhaktiShakti,80,26
324,164,284,1,BhaktiShakti,KothrudDepot,80,26
325,165,286,0,GanpatiMatha,Azadnagar,70,24
326,165,286,1,Azadnagar,GanpatiMatha,70,24
327,166,290,0,Shaninagar,Shivajinagar,60,29
328,166,290,1,Shivajinagar,Shaninagar,60,29
329,167,291,0,Katraj,HadapsarGadital,60,22
330,167,291,1,Hadapsar,Katraj,60,22
331,168,292,0,Swargate,Kondhanpur,80,23
332,168,292,1,Kondhanpur,Swargate,80,23
333,169,293,0,Swargate,Kusgaon,70,22
334,169,293,1,Kusgaon,Swargate,70,22
335,170,295,0,Ambegaon,PuneStation,65,20
336,170,295,1,PuneStation,Ambegaon,65,20
337,171,296,0,Jambhulwadi,Shivajinagar,60,26
338,171,296,1,Shivajinagar,Jambhulwadi,60,26
339,172,297,0,RajasSociety,Shivajinagar,50,20
340,172,297,1,Shivajinagar,RajasSociety,50,20
341,173,299,0,Katraj,Bhosarigaon,80,27
342,173,299,1,Bhosarigaon,Katraj,80,27
343,174,301,0,Katraj,Shewalwadi,65,30
344,174,301,1,Shewalwadi,Katraj,65,30
345,175,302,0,Pimprigaon,Bhosari,35,20
346,175,302,1,Bhosari,Pimprigaon,35,20
347,176,303,0,Nigdi,AkurdiRailwayStation,30,20
348,176,303,1,AkurdiRailwayStation,Nigdi,30,20
349,177,304,0,Chinchwadgaon,Bhosari,40,25
350,177,304,1,Bhosari,Chinchwadgaon,40,25
351,178,305,0,Nigdi,VadgaonMawal,55,21
352,178,305,1,VadgaonMawal,Nigdi,55,21
353,179,372,0,BhaktiShakti,HinjewadiMaanPhase3,60,29
354,179,372,1,HinjewadiMaanPhase3,BhaktiShakti,60,29
355,180,307,0,Chinchwadgaon,Walhekarwadi,20,21
356,180,307,1,Walhekarwadi,Chinchwadgaon,20,21
357,181,308,0,BhaktiShakti,GharkulVasahatChikali,30,28
358,181,308,1,GharkulVasahatChikali,BhaktiShakti,30,28
359,182,309,0,Alandi,Dehugaon,45,25
360,182,309,1,Dehugaon,Alandi,45,25
361,183,310,0,PuneStation,Walhekarwadi,75,29
362,183,310,1,Walhekarwadi,PuneStation,75,29
363,184,311,0,PuneStation,Pimprigaon,75,27
364,184,311,1,Pimprigaon,PuneStation,75,27
365,185,312,0,PuneStation,Chinchwadgaon,75,29
366,185,312,1,Chinchwadgaon,PuneStation,75,29
367,186,313,0,Chinchwadgaon,Chandkhed,70,22
368,186,313,1,Chandkhed,Chinchwadgaon,70,22
369,187,314,0,BhaktiShakti,MhalungeMIDC,40,30
370,187,314,1,MhalungeMIDC,BhaktiShakti,40,30
371,188,315A,0,PuneStation,Bhosari,60,25
372,188,315A,1,Bhosari,PuneStation,60,25
373,189,316,0,Chinchwadgaon,HinjewadiMaanPhase3,55,27
374,189,316,1,HinjewadiMaanPhase3,Chinchwadgaon,55,27
375,190,317,0,PuneStation,Sambhajinagar,70,23
376,190,317,1,Sambhajinagar,PuneStation,70,23
377,191,319,0,Alandi,VadgaonMawal,90,30
378,191,319,1,VadgaonMawal,Alandi,90,30
379,192,320,0,Alandi,Mhalungegaon,80,27
380,192,320,1,Mhalungegaon,Alandi,80,27
381,193,323,0,MaNaPa,Chikhali,75,21
382,193,323,1,Chikhali,MaNaPa,75,21
383,194,325,0,PuneStation,MasulkarColony,65,21
384,194,325,1,MasulkarColony,PuneStation,65,21
385,195,326,0,Pimprigaon,Chikhali,45,30
386,195,326,1,Chikhali,Pimprigaon,45,30
387,196,327,0,Alandi,HinjewadiMaanPhase3,100,21
388,196,327,1,HinjewadiMaanPhase3,Alandi,100,21
389,197,329,0,PuneStation,Dehugaon,85,25
390,197,329,1,Dehugaon,PuneStation,85,25
391,198,331,0,Charholigaon,Rahatnigaon,70,26
392,198,331,1,Rahatnigaon,Charholigaon,70,26
393,199,332,0,PuneStation,Pimpri,90,20
394,199,332,1,Pimpri,PuneStation,90,20
395,200,334,0,Pimprigaon,GharkulVasahatChikali,50,25
396,200,334,1,GharkulVasahatChikali,Pimprigaon,50,25
397,201,339,0,Katraj,SantnagarMIDCPoliceStation,95,30
398,201,339,1,SantnagarMIDCPoliceStation,Katraj,95,30
399,202,344,0,Alandi,Pimplenilakh,80,28
400,202,344,1,Pimplenilakh,Alandi,80,28
401,203,347,0,Alandi,Dapodi,100,24
402,203,347,1,Dapodi,Alandi,100,24
403,204,350,0,Nigdi,Dehugaon,40,20
404,204,350,1,Dehugaon,Nigdi,40,20
405,205,351,0,Alandi,Jambe,80,21
406,205,351,1,Jambe,Alandi,80,21
407,206,354,0,Marketyard,Pimprigaon,100,28
408,206,354,1,Pimprigaon,Marketyard,100,28
409,207,355,0,DangeChowk,Chikhali,45,21
410,207,355,1,Chikhali,DangeChowk,45,21
411,208,357,0,PuneStation,Rajgurunagar,120,25
412,208,357,1,Rajgurunagar,PuneStation,120,25
413,209,358,0,Bhosari,Rajgurunagar,70,30
414,209,358,1,Rajgurunagar,Bhosari,70,30
415,210,360,0,Alandi,BalewadiDepot,90,26
416,210,360,1,BalewadiDepot,Alandi,90,26
417,211,361,0,Alandi,Bhosari,30,25
418,211,361,1,Bhosari,Alandi,30,25
419,212,363,0,Nigdi,Adarshnagar,30,20
420,212,363,1,Adarshnagar,Nigdi,30,20
421,213,366,0,PuneStation,BhaktiShakti,65,28
422,213,366,1,BhaktiShakti,PuneStation,65,28
423,214,367,0,Nigdi,Gavhanevasti,35,26
424,214,367,1,Gavhanevasti,Nigdi,35,26
425,215,373,0,WakadChowk,HinjewadiMaanPhase3,30,25
426,216,376,0,Katraj,BhaktiShakti,110,30
427,216,376,1,BhaktiShakti,Katraj,110,30
428,217,103A,0,Katraj,HinjewadiMaanPhase3,110,23
429,217,103A,1,HinjewadiMaanPhase3,Katraj,110,23
430,218,103C,1,HinjewadiMaanPhase3,Swargate,95,29
431,222,113A,0,AppaBalawantChowk,Pimplegurav,50,27
432,222,113A,1,Pimplegurav,AppaBalawantChowk,50,27
433,223,113B,0,MaNaPa,Pimplegurav,50,22
434,223,113B,1,Pimplegurav,MaNaPa,50,22
435,224,117A,0,Swargate,DSKVishwa,50,26
436,224,117A,1,DSKVishwa,Swargate,50,26
437,225,118-7,0,Swargate,VenutaiChavanCollege,35,30
438,225,118-7,1,VenutaiChavanCollege,Swargate,35,30
439,226,118A,0,Swargate,Suncity,30,23
440,226,118A,1,Suncity,Swargate,30,23
441,227,119A,0,Vishrantwadi,Alandi,40,24
442,227,119A,1,Alandi,Vishrantwadi,40,24
443,228,11K,0,Katraj,Kalpataru,70,22
444,228,11K,1,Kalpataru,Katraj,70,22
445,229,139A,0,Bhekrainagar,BhaktiShakti,105,20
446,229,139A,1,BhaktiShakti,Bhekrainagar,105,20
447,230,13A,0,VITCollege,Shivajinagar,60,21
448,230,13A,1,Shivajinagar,VITCollege,60,21
449,231,13L,0,LakeTownSociety,Shivajinagar,50,26
450,231,13L,1,Shivajinagar,LakeTownSociety,50,26
451,232,143A,0,GalindePath,PuneStation,60,29
452,232,143A,1,PuneStation,GalindePath,60,29
453,233,144A,0,SaiSayajinagar,PuneStation,55,28
454,233,144A,1,PuneStation,SaiSayajinagar,55,28
455,234,144K,0,GujratColony,PuneStation,45,26
456,234,144K,1,PuneStation,GujratColony,45,26
457,235,145B,0,PuneStation,Sutarwadi,50,28
458,235,145B,1,Sutarwadi,PuneStation,50,28
459,236,148A,0,Bhekrainagar,Bhosari,120,28
460,236,148A,1,Bhosari,Bhekrainagar,120,28
461,237,158A,0,MaNaPa,DadachiPadal,55,29
462,237,158A,1,DadachiPadal,MaNaPa,55,29
463,238,176A,0,Swargate,Krushnanagar,50,25
464,238,176A,1,Krushnanagar,Swargate,50,25
465,239,177A,0,Vishrantwadi,Azadnagar,70,23
466,239,177A,1,Azadnagar,Vishrantwadi,70,23
467,240,177B,0,PuneStation,Siddharthnagar,40,24
468,240,177B,1,Siddharthnagar,PuneStation,40,24
469,241,177K,0,PuneStation,Krushnanagar,45,24
470,241,177K,1,Krushnanagar,PuneStation,45,24
471,242,177M,0,PuneStation,MahammadWadi,45,29
472,242,177M,1,MahammadWadi,PuneStation,45,29
473,243,181A,0,NaTaWadi,SRPCamp,45,26
474,243,181A,1,SRPCamp,NaTaWadi,45,26
475,244,184A,0,Swargate,Bhekrainagar,45,30
476,244,184A,1,Bhekrainagar,Swargate,45,30
477,245,184A-NGT,0,Swargate,HadapsarGadital,40,20
478,245,184A-NGT,1,Hadapsargaon,Swargate,40,20
479,246,184B,0,Swargate,Fursungi,55,26
480,246,184B,1,Fursungi,Swargate,55,26
481,247,186A,0,JSPMcollege,Swargate,60,20
482,247,186A,1,Swargate,JSPMcollege,60,20
483,248,203-NGT,0,HadapsarGadital,PuneStation,40,29
484,248,203-NGT,1,PuneStation,HadapsarGadital,40,29
485,249,203P,0,Shewalwadi,PuneStation,50,29
486,249,203P,1,PuneStation,Shewalwadi,50,29
487,250,207A,0,HadapsarGadital,Saswad,50,24
488,250,207A,1,Saswad,HadapsarGadital,50,24
489,252,21N,0,Swargate,Pimplenilakh,65,26
490,252,21N,1,Pimplenilakh,Swargate,65,26
491,253,24B,0,Katraj,Lohgaon,80,23
492,253,24B,1,Lohgaon,Katraj,80,23
493,254,24-NGT,0,Katraj,PuneStation,45,24
494,254,24-NGT,1,PuneStation,Katraj,45,24
495,255,256B,0,MaNaPa,BeverleyHouse,40,24
496,255,256B,1,BeverleyHouse,MaNaPa,40,24
497,256,256S,0,MaNaPa,Someshwarwadi,40,24
498,256,256S,1,Someshwarwadi,MaNaPa,40,24
499,257,291A,0,UpperDepot,HadapsarGadital,60,30
500,257,291A,1,HadapsarGadital,UpperDepot,60,30
501,258,292A,0,Swargate,Kalyangaon,85,28
502,258,292A,1,Kalyangaon,Swargate,85,28
503,259,292B,0,Swargate,Rahatwadegaon,80,30
504,259,292B,1,Rahatwadegaon,Swargate,80,30
505,260,292C,0,Swargate,Avsarwadi,80,25
506,260,292C,1,Avsarwadi,Swargate,80,25
507,261,29A,0,Swargate,Alandi,85,29
508,261,29A,1,Alandi,Swargate,85,29
509,262,2A,0,Katraj,Shivajinagar,45,27
510,262,2A,1,Shivajinagar,Katraj,45,27
511,263,2B,0,Bhilarewadi,Shivajinagar,55,22
512,263,2B,1,Shivajinagar,Bhilarewadi,55,22
513,264,2K,0,Narhegaon,Shivajinagar,65,26
514,264,2K,1,Shivajinagar,Narhegaon,65,26
515,265,302A,0,Pimprigaon,Alandi,60,30
516,265,302A,1,Alandi,Pimprigaon,60,30
517,266,302B,0,Pimprigaon,Bopkhel,60,22
518,266,302B,1,Bopkhel,Pimprigaon,60,22
519,267,303A,0,Nigdi,MukaiChowkKiwale,35,20
520,267,303A,1,MukaiChowkKiwale,Nigdi,35,20
521,268,305A,0,Nigdi,DYPatilCollege,60,24
522,268,305A,1,DYPatilCollege,Nigdi,60,24
523,269,305B,0,Nigdi,NavlakhUmbre,60,25
524,269,305B,1,NavlakhUmbre,Nigdi,60,25
525,270,322A,0,WarjeMalwadi,AkurdiRailwayStation,95,27
526,270,322A,1,AkurdiRailwayStation,WarjeMalwadi,95,27
527,271,322K,0,MaNaPa,AkurdiRailwayStation,65,22
528,271,322K,1,AkurdiRailwayStation,MaNaPa,65,22
529,272,323A,0,MaNaPa,GharkulVasahatChikali,75,21
530,273,328A,0,Nigdi,Rupeenagar,20,25
531,273,328A,1,Rupeenagar,Nigdi,20,25
532,274,329A,0,PuneStation,Dehugaon,85,22
533,274,329A,1,Dehugaon,PuneStation,85,22
534,275,331A,0,Gavhanevasti,Rahatnigaon,50,28
535,275,331A,1,Rahatnigaon,Gavhanevasti,50,28
536,276,331B,0,Charholigaon,Rahatnigaon,75,29
537,276,331B,1,Rahatnigaon,Charholigaon,75,29
538,277,335A,0,DangeChowk,Jambe,25,25
539,277,335A,1,Jambe,DangeChowk,35,25
540,278,339B,0,PuneStation,Indrayaninagar,70,21
541,278,339B,1,Indrayaninagar,PuneStation,70,21
542,279,350A,0,Pimprigaon,Dehugaon,60,29
543,279,350A,1,Dehugaon,Pimprigaon,60,29
544,280,354A,0,Marketyard,Pimpri,100,29
545,280,354A,1,Pimpri,Marketyard,100,29
546,281,362-U,0,Alandi,YCMHospital,45,29
547,281,362-D,1,YCMHospital,Alandi,45,29
548,282,363A,0,Nigdi,Kiwalegaon,30,30
549,282,363A,1,Kiwalegaon,Nigdi,30,30
550,283,367A,0,AkurdiRailwayStation,SantnagarMIDCPoliceStation,45,27
551,283,367A,1,SantnagarMIDCPoliceStation,AkurdiRailwayStation,45,27
552,284,367B,0,Bhosari,GharkulVasahat,45,21
553,284,367B,1,GharkulVasahat,Bhosari,45,21
554,286,376A,0,WarjeMalwadi,BhaktiShakti,100,23
555,286,376A,1,BhaktiShakti,WarjeMalwadi,100,23
556,287,376B,0,Shewalwadi,BhaktiShakti,110,25
557,287,376B,1,BhaktiShakti,Shewalwadi,110,25
558,288,376K,0,Katraj,Sambhajinagar,110,27
559,288,376K,1,Sambhajinagar,Katraj,110,27
560,289,43A,0,Katraj,HinjewadiMaanPhase3,80,25
561,289,43A,1,HinjewadiMaanPhase3,Katraj,80,25
562,290,52A,0,Swargate,OsadePhata,85,25
563,290,52A,1,OsadePhata,Swargate,85,25
564,291,57A,0,PuneStation,Suncity,50,25
565,291,57A,1,Suncity,PuneStation,50,25
566,292,58P,0,Shanipar,Pandavnagar,30,21
567,292,58P,1,Pandavnagar,Shanipar,30,21
568,293,64A,0,Swargate,WarjeMalwadi,50,20
569,293,64A,1,WarjeMalwadi,Swargate,50,20
570,294,64B,0,UpperDepot,GujratColony,55,20
571,294,64B,1,GujratColony,UpperDepot,55,20
572,295,68A,0,KumbarePark,Sukhsagarnagar,50,25
573,295,68A,1,Sukhsagarnagar,KumbarePark,50,25
574,296,68P,0,KothrudDepot,Swargate,50,25
575,296,68P,1,Swargate,KothrudDepot,50,25
576,297,68S,0,Sutardara,UpperDepot,55,29
577,297,68S,1,UpperDepot,Sutardara,55,29
578,299,7A,0,HadapsarGadital,UruliKanchan,40,20
579,299,7A,1,UruliKanchan,HadapsarGadital,40,20
580,300,80A,0,MaNaPa,AdityaGardenCity,50,27
581,300,80A,1,AdityaGardenCity,MaNaPa,50,27
582,301,82A,0,WarjeMalwadi,MaNaPa,45,26
583,301,82A,1,MaNaPa,WarjeMalwadi,45,26
584,303,84A,1,KondhurPhata,DeccanGymkhana,100,30
585,305,87,0,DeccanGymkhana,Sutarwadi,50,30
586,305,87,1,Sutarwadi,DeccanGymkhana,50,30
587,306,87B,0,Mandai,Sutarwadi,50,30
588,306,87B,1,Sutarwadi,Mandai,50,30
589,307,90P,0,Swargate,PandavnagarSenapatiBapatRoad,40,30
590,307,90P,1,PandavnagarSenapatiBapatRoad,Swargate,40,30
591,308,95A,0,GujratColony,Pimplegurav,55,21
592,308,95A,1,Pimplegurav,GujratColony,55,21
593,309,VJR1,0,HadapsarGadital,DhayariMarutiMandir,80,26
594,309,VJR1,1,MarutiMandir,HadapsarGadital,80,26
595,310,VJR3,0,KothrudDepot,HadapsarGadital,75,21
596,310,VJR3,1,HadapsarGadital,KothrudDepot,75,21
597,311,117B,0,Swargate,ShreeControl,45,25
598,311,117B,1,ShreeControl,Swargate,45,25
599,312,117C,0,Swargate,Raykarmala,45,28
600,312,117C,1,Raykarmala,Swargate,60,28
601,313,118B,0,Swargate,VadgaonBk,30,29
602,313,118B,1,VadgaonBk,Swargate,30,29
603,314,118C,0,Swargate,Nanded,50,22
604,314,118C,1,Nanded,Swargate,50,22
605,315,135A,0,Wadebolhai,KesnandPhata,45,20
606,315,135A,1,KesnandPhata,Wadebolhai,45,20
607,316,136A,0,KesnandPhata,Vadegaon,45,26
608,316,136A,1,Vadegaon,KesnandPhata,45,26
609,317,120A,0,Bhosari,IndooranceSystem,50,30
610,317,120A,1,IndooranceSystem,Bhosari,50,30
611,318,144D,0,KumbarePark,PuneStation,60,24
612,318,144D,1,PuneStation,KumbarePark,60,24
613,319,13C,0,UpperDepot,PuneVidhyapeeth,65,29
614,320,145A,0,PuneStation,D2Circle,75,22
615,320,145A,1,D2Circle,PuneStation,75,22
616,321,147A,0,KesnandPhata,NhaviSandas,80,30
617,321,147A,1,NhaviSandas,KesnandPhata,80,30
618,322,170A,0,PuneStation,KondhwaBk,45,29
619,322,170A,1,KondhwaBk,PuneStation,45,29
620,323,170B,0,PuneStation,KondhwaHospital,45,21
621,323,170B,1,PuneStation,KondhwaHospital,45,21
622,324,174A,1,NDAGolmarket,PuneStation,65,23
623,325,174B,0,PuneStation,D2Circle,65,22
624,325,174B,1,D2Circle,PuneStation,65,22
625,326,177D,0,PuneStation,Azadnagar,40,27
626,326,177D,1,Azadnagar,PuneStation,40,27
627,327,17A,0,NatrajStand,Narhegaon,40,22
628,327,17A,1,Narhegaon,NatrajStand,40,22
629,328,183A,0,Sarasbaug,TheurFactory,75,24
630,328,183A,1,TheurFactory,Sarasbaug,75,24
631,329,190A,0,HadapsarGadital,Vadkigaon,35,24
632,329,190A,1,Vadkigaon,HadapsarGadital,35,24
633,330,200A,0,HadapsarGadital,Sadesatranali,15,20
634,331,217B,0,Swargate,Gujarwadi,45,23
635,331,217B,1,Gujarwadi,Swargate,45,23
636,332,216B,0,BharatiVidyapeeth,PuneVidhyapeeth,70,26
637,332,216B,1,PuneVidhyapeeth,BharatiVidyapeeth,70,26
638,333,21A,0,Swargate,AmmunitionFactory,40,27
639,333,21A,1,AmmunitionFactory,Swargate,40,27
640,334,21B,0,Swargate,HEMRLCompany,45,22
641,334,21B,1,HEMRLCompany,Swargate,45,22
642,335,22A,0,KhandobaMandir,Swargate,25,23
643,335,22A,1,Swargate,KhandobaMandir,25,23
644,336,252A,0,Vishrantwadi,Charholigaon,45,24
645,336,252A,1,Vishrantwadi,Charholigaon,45,24
646,337,257,0,KesnandPhata,Alandi,70,24
647,337,257,1,Alandi,KesnandPhata,70,24
648,338,293D,0,Swargate,KhedShivapur,55,20
649,338,293D,1,KhedShivapur,Swargate,55,20
650,339,2E,0,Swargate,SachchaiMataMandir,40,25
651,339,2E,1,SachchaiMataMandir,Swargate,40,25
652,340,2H,0,SachchaiMataMandir,Shivajinagar,50,24
653,340,2H,1,Shivajinagar,SachchaiMataMandir,50,24
654,341,2I,0,Katraj,PuneVidhyapeeth,60,23
655,341,2I,1,PuneVidhyapeeth,Katraj,60,23
656,342,2L,0,Narhegaon,Katraj,15,24
657,342,2L,1,Katraj,Narhegaon,15,24
658,343,30A,0,Marketyard,Rautwadi,75,24
659,343,30A,1,Rautwadi,Marketyard,75,24
660,344,313A,0,Chinchwadgaon,KasarsaiKarkhana,50,20
661,344,313A,1,KasarsaiKarkhana,Chinchwadgaon,50,20
662,345,313B,1,BhaktiShakti,KasarsaiKarkhana,60,20
663,346,313C,1,NehrunagarDepo,Chandkhed,60,25
664,347,313D,1,BhaktiShakti,Chandkhed,60,24
665,348,31A,0,Padmawati,PuneStation,40,26
666,348,31A,1,PuneStation,Padmawati,40,26
667,349,321,0,VasantdadaPutalaSangvi,HinjewadiMaanPhase3,60,22
668,349,321,1,HinjewadiMaanPhase3,VasantdadaPutalaSangvi,60,22
669,350,321A,0,Pimplegurav,HinjewadiMaanPhase3,60,30
670,351,326A,0,NehrunagarDepo,Chikhali,60,24
671,351,326A,1,Chikhali,NehrunagarDepo,60,24
672,352,323B,0,NehrunagarDepo,Chikhali,30,25
673,352,323B,1,Chikhali,NehrunagarDepo,30,25
674,353,327A,0,NehrunagarDepo,HinjewadiMaanPhase3,45,27
675,353,327A,1,HinjewadiMaanPhase3,NehrunagarDepo,45,27
676,354,327B,1,Bhosari,HinjewadiMaanPhase3,60,25
677,355,327C,0,Alandi,NehrunagarDepo,40,26
678,355,327C,1,NehrunagarDepo,Alandi,30,26
679,356,331C,1,Rahatnigaon,NehrunagarDepo,30,26
680,357,331D,0,Charholigaon,NehrunagarDepo,30,21
681,358,33A,0,Padmawati,NaTaWadi,40,21
682,358,33A,1,NaTaWadi,Padmawati,40,21
683,359,351A,0,Bhosari,Jambe,70,21
684,359,351A,1,Jambe,Bhosari,70,21
685,360,50B,0,NatrajStand,SinhgadPaytha,60,30
686,360,50B,1,SinhgadPaytha,NatrajStand,60,30
687,361,51A,0,Shivajinagar,DSKVishwa,60,21
688,361,51A,1,DSKVishwa,Shivajinagar,60,21
689,362,52B,0,Marketyard,Khanapur,80,23
690,362,52B,1,Khanapur,Marketyard,80,23
691,363,54A,0,NaTaWadi,VadgaonBk,50,30
692,363,54A,1,VadgaonBk,NaTaWadi,50,30
693,364,58A,0,Shanipar,Pandavnagar,30,30
694,364,58A,1,Pandavnagar,Shanipar,30,30
695,365,60A,1,NatrajStand,Ghulenagar,30,23
696,366,62A,1,Marketyard,Sangamwadi,55,29
697,367,68B,0,KothrudDepot,VenutaiChavanCollege,55,26
698,367,68B,1,VenutaiChavanCollege,KothrudDepot,55,26
699,368,70A,0,DeccanGymkhana,ShasakiyaVishramgruhaPaudgaon,75,26
700,368,70A,1,ShasakiyaVishramgruhaPaudgaon,DeccanGymkhana,75,26
701,369,70B,0,KothrudDepot,ShasakiyaVishramgruhaPaudgaon,50,29
702,369,70B,1,ShasakiyaVishramgruhaPaudgaon,KothrudDepot,50,29
703,370,70C,0,KothrudDepot,Sheregaon,50,29
704,370,70C,1,Sheregaon,KothrudDepot,50,29
705,371,78A,0,Marketyard,WarjeMalwadi,60,27
706,371,78A,1,WarjeMalwadi,Marketyard,60,27
707,372,84B,0,KothrudStand,Sangrun,75,27
708,373,84C,0,KothrudStand,KondhurPhata,75,29
709,373,84C,1,KondhurPhata,KothrudStand,75,29
710,374,88A,1,Swargate,MediPoint,60,26
711,375,122A,1,NehrunagarDepo,MaNaPa,55,29
712,376,122B,0,NehrunagarDepo,Chinchwadgaon,15,25
713,376,122B,1,Chinchwadgaon,NehrunagarDepo,15,25
714,377,302D,1,NehrunagarDepo,Pimprigaon,15,26
715,378,304A,0,NehrunagarDepo,Bhosari,15,22
716,378,304A,1,Bhosari,NehrunagarDepo,15,22
717,379,94B,0,KumbarePark,PuneStation,65,28
718,379,94B,1,PuneStation,KumbarePark,65,28
719,380,VJR2A,0,KothrudStand,KesnandPhata,80,21
720,381,5A,0,Swargate,TadiwalaRoad,30,30
721,381,5A,1,TadiwalaRoad,Swargate,30,30
722,382,367C,0,Bhosari,AkurdiRailwayStation,30,25
723,382,367C,1,AkurdiRailwayStation,Bhosari,30,25
724,383,87C,0,DeccanGymkhana,HMRCompany,30,23
725,383,87C,1,HMRCompany,DeccanGymkhana,50,23
726,384,14,0,DhayariMarutiMandir,KesnandPhata,105,28
727,384,14,1,KesnandPhata,DhayariMarutiMandir,105,28
728,385,67,0,Swargate,KharadiGaon,60,24
729,385,67,1,KharadiGaon,Swargate,70,24
730,386,29,0,Swargate,Vishrantwadi,55,28
731,386,29,1,Vishrantwadi,Swargate,70,28
732,387,164,0,Swargate,Vimannagar,60,25
733,387,164,1,Vimannagar,Swargate,60,25
734,388,36,0,MaNaPa,Chinchwadgaon,55,23
735,388,36,1,Chinchwadgaon,MaNaPa,65,23
736,389,100,0,MaNaPa,HinjewadiMaanPhase3,70,27
737,389,100,1,HinjewadiMaanPhase3,MaNaPa,70,27
738,390,132,0,MaNaPa,ShubhamSocietyNagarRoad,40,23
739,390,132,1,ShubhamSocietyNagarRoad,MaNaPa,55,23
740,391,132,0,MaNaPa,ShubhamSocietyNagarRoad,45,26
741,391,132,1,ShubhamSocietyNagarRoad,MaNaPa,50,26
742,392,133,0,MaNaPa,AnandPark,55,21
743,392,133,1,AnandPark,MaNaPa,45,21
744,393,133B,0,MaNaPa,Sainathnagar,35,21
745,393,133B,1,Sainathnagar,MaNaPa,30,21
746,394,152D,0,MaNaPa,Dhanorigaon,50,30
747,394,152D,1,Dhanorigaon,MaNaPa,50,30
748,395,152A,0,MaNaPa,Munjabavasti,35,25
749,395,152A,1,Munjabavasti,MaNaPa,35,25
750,396,159,0,MaNaPa,TalegaonDhamdhere,80,24
751,396,159,1,TalegaonDhamdhere,MaNaPa,125,24
752,397,159A,0,MaNaPa,Wagholi,60,29
753,397,159A,1,Wagholi,MaNaPa,70,29
754,398,159P,1,PabalPhata,MaNaPa,80,30
755,399,165,0,MaNaPa,Vadgaonshari,35,28
756,399,165,1,Vadgaonshari,MaNaPa,40,28
757,400,94A,0,KumbarePark,Vadgaonshari,75,20
758,400,94A,1,Vadgaonshari,KumbarePark,85,20
759,401,144B,0,KumbarePark,Sainathnagar,75,24
760,401,144B,1,Sainathnagar,KumbarePark,80,24
761,402,161,0,WarjeMalwadi,Vimannagar,295,20
762,402,161,1,Vimannagar,WarjeMalwadi,160,20
763,403,115P,0,PuneStation,HinjewadiMaanPhase3,90,23
764,403,115P,1,HinjewadiMaanPhase3,PuneStation,105,23
765,404,154,0,PuneStation,Vishrantwadi,35,30
766,404,154,1,Vishrantwadi,PuneStation,35,30
767,405,163,0,PuneStation,KharadiGaon,40,30
768,405,163,1,KharadiGaon,PuneStation,40,30
769,406,166,0,PuneStation,Vimannagar,30,29
770,406,166,1,Vimannagar,PuneStation,50,29
771,407,149,0,Shewalwadi,Pimpri,95,30
772,407,149,1,Pimpri,Shewalwadi,115,30
773,408,149A,0,Shewalwadi,BhaktiShakti,120,25
774,408,149A,1,BhaktiShakti,Shewalwadi,120,25
775,409,213,0,Katraj,Vimannagar,65,20
776,409,213,1,Vimannagar,Katraj,70,20
777,410,235,0,Katraj,KharadiGaon,80,26
778,410,235,1,KharadiGaon,Katraj,75,26
779,411,298,0,Katraj,Chinchwadgaon,90,22
780,411,298,1,Chinchwadgaon,Katraj,105,22
781,412,298A,0,Katraj,chintamanichowk,110,27
782,412,298A,1,chintamanichowk,Katraj,125,27
783,413,234,0,MaNaPa,KharadiGaon,50,28
784,413,234,1,KharadiGaon,MaNaPa,50,28
785,414,236,0,MaNaPa,Khulewadi,50,27
786,414,236,1,Khulewadi,MaNaPa,50,27
787,415,VJR4,0,KothrudDepot,Vishrantwadi,50,20
788,415,VJR4,1,Vishrantwadi,KothrudDepot,90,20
789,416,VJR2,0,WarjeMalwadi,KesnandPhata,100,29
790,416,VJR2,1,WarjeMalwadi,KesnandPhata,120,29
791,417,333,0,PuneStation,HinjewadiMaanPhase3,65,29
792,417,333,1,HinjewadiMaanPhase3,PuneStation,80,29
793,418,VJR5,0,MaNaPa,MukaiChowk,70,20
794,418,VJR5,1,MukaiChowk,MaNaPa,70,20
795,419,348,0,PuneStation,Nigdi,80,26
796,419,348,1,Nigdi,PuneStation,70,26
797,420,345,0,PuneStation,Thergaon,60,30
798,420,345,1,Thergaon,PuneStation,60,30
799,421,341,0,MaNaPa,Mohannagar,65,26
800,421,341,1,Mohannagar,MaNaPa,65,26
801,422,337,0,DhayariMarutiMandir,BhaktiShakti,115,30
802,422,337,1,BhaktiShakti,DhayariMarutiMandir,90,30
803,423,337A,0,Swargate,DhayariMarutiMandir,810,20
804,423,337A,1,BhaktiShakti,Swargate,90,20
805,424,318A,0,PuneStation,GharkulVasahatChikali,85,28
806,424,318A,1,GharkulVasahatChikali,PuneStation,75,28
807,425,318,0,PuneStation,Krushnanagar,75,21
808,425,318,1,Krishanagar,PuneStation,85,21
809,426,324,0,Bhosari,HinjewadiMaanPhase3,75,22
810,426,324,1,HinjewadiMaanPhase3,Bhosari,75,22
811,427,VJR6,0,Bhosari,HinjewadiMaanPhase3,75,24
812,427,VJR6,1,HinjewadiMaanPhase3,Bhosari,75,24
813,428,332A,0,MaNaPa,PimpleSaudagar,60,27
814,428,332A,1,PimpleSaudagar,MaNaPa,65,27
815,429,336,0,KesnandPhata,BhaktiShakti,105,29
816,429,336,1,BhaktiShakti,KesnandPhata,95,29
817,430,204,0,Bhekrainagar,Chinchwadgaon,120,29
818,430,204,1,Chinchwadgaon,Bhekrainagar,115,29
819,431,237,0,WarjeMalwadi,KharadiGaon,75,26
820,431,237,1,KharadiGaon,WarjeMalwadi,75,26
821,432,276,0,WarjeMalwadi,Chinchwadgaon,70,27
822,432,276,1,Chinchwadgaon,WarjeMalwadi,85,27
823,433,14A,0,Swargate,KesnandPhata,60,21
824,433,14A,1,KesnandPhata,Swargate,60,21
825,434,103D,0,Katraj,MITCollage,60,21
826,434,103D,1,MITCollage,Katraj,60,21
827,435,87F,0,DeccanGymkhana,MhalungePhataBalewadi,50,23
828,435,87F,1,MhalungePhataBalewadi,DeccanGymkhana,50,23
829,436,12-NGT,0,Swargate,BhaktiShakti,60,25
830,436,12-NGT,1,BhaktiShakti,Swargate,60,25
831,437,348-NGT,0,PuneStation,BhaktiShakti,60,27
832,437,348-NGT,1,BhaktiShakti,PuneStation,60,27
833,438,174-NGT,0,PuneStation,Kondhwagate,70,23
834,438,174-NGT,1,Kondhwagate,PuneStation,70,23
835,439,117-NGT,0,Swargate,Dhayarigaon,40,25
836,439,117-NGT,1,Dhayarigaon,Swargate,40,25
837,440,135-NGT,0,PuneStation,KesnandPhata,45,26
838,440,135-NGT,1,PuneStation,KesnandPhata,45,26
839,441,158B,0,MaNaPa,AjinkaDYVidyapeeth,60,29
840,441,158B,1,AjinkaDYVidyapeeth,MaNaPa,60,29
841,442,19A,0,TrinityCollege,Shivajinagar,60,30
842,442,19A,1,Shivajinagar,TrinityCollege,60,30
843,443,253,0,UpperDepot,Vidyanagar,60,22
844,444,139S,0,SalunkeVihar,BhaktiShakti,60,20
845,444,139S,1,BhaktiShakti,SalunkeVihar,60,20
